,model,score
0,mini_rag,0.8487931034482749
1,qag_llm_7B,0.8237499999999983
2,qwen2.5-7b-instruct-1m,0.8184999999999977
3,qag_llm_14B,0.8296536796536769
4,qwen_max,0.7991749174917472
5,qwen_plus,0.8309999999999971
6,deepseek-R1,0.8319999999999972
7,deepseek-v3,0.833499999999997
8,deepseek-r1-distill-qwen-7b,0.8080769230769214
9,deepseek-r1-distill-qwen-14b,0.8318333333333302
10,llama3.3-70b-instruct,0.8198333333333312
11,qwq_32b,0.8383333333333308
